"id","name","email","birthday"
12,"Porty","pwestfalenb@cloudflare.com","1995-09-12"
13,"Fabiano","fqueyeiroc@noaa.gov",NULL
14,"Bronson","bbuggsd@hatena.ne.jp","1999-06-01"
15,"Ulrike","ukeenere@plala.or.jp","1997-07-29"
16,"Amby","adezamoraf@gizmodo.com","1998-12-31"
17,"Gwenni","gohagertyg@a8.net","1993-11-17"
18,"Felike","fmatesh@oaic.gov.au","1994-01-03"
19,"Ardyth","ahuelini@hc360.com","1991-08-08"
20,"Avictor","agarbuttj@gravatar.com","1996-05-16"
21,"Fraser","fvanyardk@house.gov","1990-03-18"
22,"Theresa","tdequinceyl@answers.com","1997-08-23"
23,"Lizette","lcleavesm@themeforest.net","1998-04-10"
24,"Jackie","jadicotn@github.io","1998-02-06"
25,"Alvina","abartkeo@webs.com",NULL
26,"Adah","acochep@slideshare.net",NULL
27,"Kaye","kmartinsq@dot.gov","1999-09-12"
28,"Irvin","ielietr@biglobe.ne.jp","1999-05-09"
29,"Elinore","erizzolos@google.com","1995-09-05"
30,"Erika","egonint@infoseek.co.jp","1991-10-08"
31,"Jaclyn","jlorkingsu@discovery.com","1995-04-08"
32,"Daphne","drankenv@photobucket.com","1990-03-27"
33,"Hendrika","heilhartw@marketwatch.com","1991-10-26"
34,"Thatcher","tyoungerx@sciencedaily.com","1995-11-07"
35,"Maxwell","mmcmichany@youtube.com","1995-04-23"
36,"Bryce","bjurkowskiz@smh.com.au","1993-08-11"
37,"Florentia","fsturgess10@howstuffworks.com","1998-03-02"
38,"Evangelia","ebletso11@histats.com","1990-11-05"
39,"Fanny","fcull12@webs.com",NULL
40,"Ellette","emccahey13@wikipedia.org",NULL
41,"Andree","aatthowe14@abc.net.au",NULL
42,"Barnabas","babarrow15@sciencedaily.com","1997-09-26"
43,"Tiffie","tkitchinham16@illinois.edu","1995-10-22"
44,"Isac","ibitcheno17@marketwatch.com",NULL
45,"Veronique","vyounger18@networkadvertising.org",NULL
46,"Bobbe","bbannell19@jigsy.com","1996-09-29"
47,"Tasha","thumber1a@wordpress.com","1992-06-04"
48,"Carlee","calibone1b@nyu.edu","1990-06-07"
49,"Luke","lbruhnsen1c@nasa.gov","1997-10-01"
50,"Rufe","rvalintine1d@ask.com",NULL
51,"Gale","gguard1e@arstechnica.com","1993-11-26"
52,"Aubree","agergus1f@ftc.gov","1998-11-08"
53,"Barbabas","bhydes1g@smugmug.com","1994-11-16"
54,"Chelsie","ctrinder1h@goo.gl","1991-07-29"
55,"Sallee","suwins1i@histats.com","1996-11-23"
56,"Allister","asilverman1j@webs.com","1996-02-19"
57,"Karney","kgoring1k@earthlink.net","1993-11-10"
58,"Marne","mmoggle1l@geocities.com","1992-12-11"
59,"Giana","gattwater1m@macromedia.com","1993-10-30"
60,"Tanny","teastup1n@google.ca",NULL
61,"Eadmund","emcelwee1o@cargocollective.com",NULL
62,"Dallis","ddingsdale1p@google.com.au","1993-03-21"
63,"Johnathan","jfossey1q@usgs.gov","1992-07-04"
64,"Carita","cseery1r@usatoday.com","1994-11-20"
65,"Belia","bsnarie1s@google.com","1990-10-12"
66,"Alberta","alewington1t@instagram.com",NULL
67,"Kerk","kmagnar1u@diigo.com","1992-12-09"
68,"Almire","amarkos1v@patch.com","1998-09-12"
69,"Kellina","kconrath1w@about.me","1993-10-17"
70,"Alfreda","ascotson1x@rakuten.co.jp","1997-06-27"
71,"Welbie","wrozycki1y@nps.gov","2000-01-04"
72,"Derry","dmcclintock1z@epa.gov","2000-01-18"
73,"Malissa","mquinney20@army.mil","1997-04-12"
74,"Taddeo","tpillinger21@java.com","1990-05-11"
75,"Gabe","gjolland22@hatena.ne.jp","1994-09-11"
76,"Arabella","abrogioni23@theatlantic.com","1991-06-09"
77,"Julie","jcurle24@whitehouse.gov","1998-02-22"
78,"Nissy","nswanston25@wired.com","1999-08-07"
79,"Kerry","kfrost26@github.com","1997-12-22"
80,"Matteo","mrenault27@msn.com","1995-02-26"
81,"Callie","clawille28@walmart.com","1995-07-27"
82,"Gale","gstinson29@com.com",NULL
83,"Almeta","avasichev2a@icq.com",NULL
84,"Carrol","cbeningfield2b@flavors.me",NULL
85,"Shea","somalley2c@businessinsider.com","1997-11-05"
86,"Alica","aclissell2d@springer.com","1998-09-06"
87,"Tamera","tsmallacombe2e@furl.net",NULL
88,"Warde","wterron2f@cdc.gov",NULL
89,"Kennie","kchrisp2g@prnewswire.com","1997-02-21"
90,"Chevalier","cpizzie2h@vimeo.com","1999-04-16"
91,"Glenda","gorry2i@friendfeed.com","1997-08-17"
92,"Agnola","achiene2j@admin.ch","1990-03-23"
93,"Thedric","tedlington2k@earthlink.net",NULL
94,"Rinaldo","rguyver2l@baidu.com","1999-08-24"
95,"Nariko","nattyeo2m@studiopress.com","1995-01-26"
96,"Stephine","shaycock2n@livejournal.com",NULL
97,"Wilhelm","wwoolager2o@booking.com","1990-05-17"
98,"Iver","ibarroux2p@nba.com","1995-12-19"
99,"Zak","zmorcomb2q@soup.io",NULL
100,"Hall","hcromleholme2r@harvard.edu",NULL
10,"John","doe@gmail.com","1994-04-22"
11,"Abner","aridholea@deliciousdays.com",NULL
